<?xml version="1.0" encoding="utf-8"?>
<!--Detailed report on module address-->
<CCCC_Project>
<module_summary>
<lines_of_code value="122" level="0" />
<lines_of_code_per_member_function value="******" level="0" />
<McCabes_cyclomatic_complexity value="12" level="0" />
<McCabes_cyclomatic_complexity_per_member_function value="******" level="2" />
<lines_of_code value="4" level="0" />
<lines_of_code_per_member_function value="********" level="2" />
<lines_of_code_per_line_of_comment value="30.500" level="2" />
<McCabes_cyclomatic_complexity_per_line_of_comment value="3.000" level="0" />
<weighted_methods_per_class_unity value="9" level="0" />
<weighted_methods_per_class_visibility value="9" level="0" />
<depth_of_inheritance_tree value="0" level="0" />
<number_of_children value="0" level="0" />
<coupling_between_objects value="2" level="0" />
<IF4 value="1" level="0" />
<IF4_per_member_function value="********" level="2" />
<IF4_visible value="0" level="0" />
<IF4_visible_per_member_function value="********" level="0" />
<IF4_concrete value="0" level="0" />
<IF4_concrete_per_member_function value="********" level="0" />
</module_summary>
<module_detail>
<description>declaration</description>
<source_reference file="sda.cpp" line="9" />
<lines_of_code value="1" level="0" />
<McCabes_cyclomatic_complexity value="0" level="0" />
<lines_of_comment value="0" level="0" />
<lines_of_code_per_line_of_comment value="------" level="0" />
<McCabes_cyclomatic_complexity_per_line_of_comment value="------" level="0" />
<description>definition</description>
<source_reference file="sda.cpp" line="42" />
<lines_of_code value="7" level="0" />
<McCabes_cyclomatic_complexity value="0" level="0" />
<lines_of_comment value="0" level="0" />
<lines_of_code_per_line_of_comment value="------" level="0" />
<McCabes_cyclomatic_complexity_per_line_of_comment value="------" level="0" />
<description>declaration</description>
<source_reference file="sda.cpp" line="9" />
<lines_of_code value="1" level="0" />
<McCabes_cyclomatic_complexity value="0" level="0" />
<lines_of_comment value="0" level="0" />
<lines_of_code_per_line_of_comment value="------" level="0" />
<McCabes_cyclomatic_complexity_per_line_of_comment value="------" level="0" />
<description>definition</description>
<source_reference file="sda.cpp" line="42" />
<lines_of_code value="7" level="0" />
<McCabes_cyclomatic_complexity value="0" level="0" />
<lines_of_comment value="0" level="0" />
<lines_of_code_per_line_of_comment value="------" level="0" />
<McCabes_cyclomatic_complexity_per_line_of_comment value="------" level="0" />
</module_detail>
<procedural_detail>
<member_function>
<name>address(address &amp;)</name>
<extent>
<description>definition</description>
<source_reference file="sda.cpp" line="100" />
</extent>
<extent>
<description>definition</description>
<source_reference file="sda.cpp" line="100" />
</extent>
<lines_of_code value="12" level="0" />
<McCabes_cyclomatic_complexity value="0" level="0" />
<lines_of_comment value="0" level="0" />
<lines_of_code_per_line_of_comment value="------" level="0" />
<McCabes_cyclomatic_complexity_per_line_of_comment value="------" level="0" />
</member_function>
<member_function>
<name>address(const char *,const char *,const char *)</name>
<extent>
<description>definition</description>
<source_reference file="sda.cpp" line="73" />
</extent>
<extent>
<description>definition</description>
<source_reference file="sda.cpp" line="73" />
</extent>
<lines_of_code value="26" level="0" />
<McCabes_cyclomatic_complexity value="0" level="0" />
<lines_of_comment value="0" level="0" />
<lines_of_code_per_line_of_comment value="******" level="2" />
<McCabes_cyclomatic_complexity_per_line_of_comment value="------" level="0" />
</member_function>
<member_function>
<name>getAddress()</name>
<extent>
<description>definition</description>
<source_reference file="sda.cpp" line="87" />
</extent>
<extent>
<description>definition</description>
<source_reference file="sda.cpp" line="87" />
</extent>
<lines_of_code value="12" level="0" />
<McCabes_cyclomatic_complexity value="2" level="0" />
<lines_of_comment value="0" level="0" />
<lines_of_code_per_line_of_comment value="------" level="0" />
<McCabes_cyclomatic_complexity_per_line_of_comment value="------" level="0" />
</member_function>
<member_function>
<name>getcity()</name>
<extent>
<description>definition</description>
<source_reference file="sda.cpp" line="60" />
</extent>
<extent>
<description>definition</description>
<source_reference file="sda.cpp" line="60" />
</extent>
<lines_of_code value="8" level="0" />
<McCabes_cyclomatic_complexity value="2" level="0" />
<lines_of_comment value="0" level="0" />
<lines_of_code_per_line_of_comment value="------" level="0" />
<McCabes_cyclomatic_complexity_per_line_of_comment value="------" level="0" />
</member_function>
<member_function>
<name>getcompleteAddress()</name>
<extent>
<description>definition</description>
<source_reference file="sda.cpp" line="66" />
</extent>
<extent>
<description>definition</description>
<source_reference file="sda.cpp" line="66" />
</extent>
<lines_of_code value="8" level="0" />
<McCabes_cyclomatic_complexity value="2" level="0" />
<lines_of_comment value="0" level="0" />
<lines_of_code_per_line_of_comment value="------" level="0" />
<McCabes_cyclomatic_complexity_per_line_of_comment value="------" level="0" />
</member_function>
<member_function>
<name>gethouseno()</name>
<extent>
<description>definition</description>
<source_reference file="sda.cpp" line="49" />
</extent>
<extent>
<description>definition</description>
<source_reference file="sda.cpp" line="49" />
</extent>
<lines_of_code value="8" level="0" />
<McCabes_cyclomatic_complexity value="2" level="0" />
<lines_of_comment value="0" level="0" />
<lines_of_code_per_line_of_comment value="------" level="0" />
<McCabes_cyclomatic_complexity_per_line_of_comment value="------" level="0" />
</member_function>
<member_function>
<name>getstreet()</name>
<extent>
<description>definition</description>
<source_reference file="sda.cpp" line="54" />
</extent>
<extent>
<description>definition</description>
<source_reference file="sda.cpp" line="54" />
</extent>
<lines_of_code value="8" level="0" />
<McCabes_cyclomatic_complexity value="2" level="0" />
<lines_of_comment value="0" level="0" />
<lines_of_code_per_line_of_comment value="------" level="0" />
<McCabes_cyclomatic_complexity_per_line_of_comment value="------" level="0" />
</member_function>
<member_function>
<name>operator =(const address &amp;)</name>
<extent>
<description>definition</description>
<source_reference file="sda.cpp" line="93" />
</extent>
<extent>
<description>definition</description>
<source_reference file="sda.cpp" line="93" />
</extent>
<lines_of_code value="14" level="0" />
<McCabes_cyclomatic_complexity value="2" level="0" />
<lines_of_comment value="0" level="0" />
<lines_of_code_per_line_of_comment value="------" level="0" />
<McCabes_cyclomatic_complexity_per_line_of_comment value="------" level="0" />
</member_function>
<member_function>
<name>saveAddress(ofstream &amp;)</name>
<extent>
<description>definition</description>
<source_reference file="sda.cpp" line="108" />
</extent>
<extent>
<description>definition</description>
<source_reference file="sda.cpp" line="108" />
</extent>
<lines_of_code value="10" level="0" />
<McCabes_cyclomatic_complexity value="0" level="0" />
<lines_of_comment value="4" level="0" />
<lines_of_code_per_line_of_comment value="------" level="0" />
<McCabes_cyclomatic_complexity_per_line_of_comment value="------" level="0" />
</member_function>
</procedural_detail>
<structural_detail>
<module>
<name>address</name>
<client_module>
<name>User</name>
<visible>false</visible>
<concrete>false</concrete>
<extent>
<description>has by reference</description>
<source_reference file="sda.cpp" line="201" />
</extent>
<extent>
<description>has by reference</description>
<source_reference file="sda.cpp" line="201" />
</extent>
</client_module>
<supplier_module>
<name>ofstream</name>
<visible>true</visible>
<concrete>false</concrete>
<extent>
<description>pass by reference</description>
<source_reference file="sda.cpp" line="108" />
</extent>
<extent>
<description>pass by reference</description>
<source_reference file="sda.cpp" line="108" />
</extent>
</supplier_module>
</module>
</structural_detail>
</CCCC_Project>
