<?xml version="1.0" encoding="utf-8"?>
<!--Detailed report on module anonymous-->
<CCCC_Project>
<module_summary>
<lines_of_code value="410" level="0" />
<lines_of_code_per_member_function value="******" level="0" />
<McCabes_cyclomatic_complexity value="68" level="0" />
<McCabes_cyclomatic_complexity_per_member_function value="******" level="2" />
<lines_of_code value="234" level="0" />
<lines_of_code_per_member_function value="********" level="2" />
<lines_of_code_per_line_of_comment value="1.752" level="0" />
<McCabes_cyclomatic_complexity_per_line_of_comment value="0.291" level="0" />
<weighted_methods_per_class_unity value="6" level="0" />
<weighted_methods_per_class_visibility value="2" level="0" />
<depth_of_inheritance_tree value="0" level="0" />
<number_of_children value="0" level="0" />
<coupling_between_objects value="0" level="0" />
<IF4 value="0" level="0" />
<IF4_per_member_function value="********" level="0" />
<IF4_visible value="0" level="0" />
<IF4_visible_per_member_function value="********" level="0" />
<IF4_concrete value="0" level="0" />
<IF4_concrete_per_member_function value="********" level="0" />
</module_summary>
<module_detail>
</module_detail>
<procedural_detail>
<member_function>
<name>logIn(int &amp;)</name>
<extent>
<description>definition</description>
<source_reference file="sda.cpp" line="2311" />
</extent>
<extent>
<description>definition</description>
<source_reference file="sda.cpp" line="2311" />
</extent>
<lines_of_code value="154" level="2" />
<McCabes_cyclomatic_complexity value="36" level="2" />
<lines_of_comment value="0" level="0" />
<lines_of_code_per_line_of_comment value="******" level="2" />
<McCabes_cyclomatic_complexity_per_line_of_comment value="******" level="2" />
</member_function>
<member_function>
<name>main()</name>
<extent>
<description>definition</description>
<source_reference file="sda.cpp" line="2400" />
</extent>
<extent>
<description>definition</description>
<source_reference file="sda.cpp" line="2400" />
</extent>
<lines_of_code value="184" level="2" />
<McCabes_cyclomatic_complexity value="24" level="1" />
<lines_of_comment value="234" level="0" />
<lines_of_code_per_line_of_comment value="0.786" level="0" />
<McCabes_cyclomatic_complexity_per_line_of_comment value="0.103" level="0" />
</member_function>
<member_function>
<name>printAllCLOS()</name>
<extent>
<description>declaration</description>
<source_reference file="sda.cpp" line="29" />
</extent>
<extent>
<description>definition</description>
<source_reference file="sda.cpp" line="2283" />
</extent>
<extent>
<description>declaration</description>
<source_reference file="sda.cpp" line="29" />
</extent>
<extent>
<description>definition</description>
<source_reference file="sda.cpp" line="2283" />
</extent>
<lines_of_code value="18" level="0" />
<McCabes_cyclomatic_complexity value="2" level="0" />
<lines_of_comment value="0" level="0" />
<lines_of_code_per_line_of_comment value="------" level="0" />
<McCabes_cyclomatic_complexity_per_line_of_comment value="------" level="0" />
</member_function>
<member_function>
<name>printAllCourses()</name>
<extent>
<description>declaration</description>
<source_reference file="sda.cpp" line="28" />
</extent>
<extent>
<description>definition</description>
<source_reference file="sda.cpp" line="2272" />
</extent>
<extent>
<description>declaration</description>
<source_reference file="sda.cpp" line="28" />
</extent>
<extent>
<description>definition</description>
<source_reference file="sda.cpp" line="2272" />
</extent>
<lines_of_code value="18" level="0" />
<McCabes_cyclomatic_complexity value="2" level="0" />
<lines_of_comment value="0" level="0" />
<lines_of_code_per_line_of_comment value="------" level="0" />
<McCabes_cyclomatic_complexity_per_line_of_comment value="------" level="0" />
</member_function>
<member_function>
<name>printAllPLOS()</name>
<extent>
<description>declaration</description>
<source_reference file="sda.cpp" line="30" />
</extent>
<extent>
<description>definition</description>
<source_reference file="sda.cpp" line="2293" />
</extent>
<extent>
<description>declaration</description>
<source_reference file="sda.cpp" line="30" />
</extent>
<extent>
<description>definition</description>
<source_reference file="sda.cpp" line="2293" />
</extent>
<lines_of_code value="18" level="0" />
<McCabes_cyclomatic_complexity value="2" level="0" />
<lines_of_comment value="0" level="0" />
<lines_of_code_per_line_of_comment value="------" level="0" />
<McCabes_cyclomatic_complexity_per_line_of_comment value="------" level="0" />
</member_function>
<member_function>
<name>printAllPrograms()</name>
<extent>
<description>declaration</description>
<source_reference file="sda.cpp" line="27" />
</extent>
<extent>
<description>definition</description>
<source_reference file="sda.cpp" line="2261" />
</extent>
<extent>
<description>declaration</description>
<source_reference file="sda.cpp" line="27" />
</extent>
<extent>
<description>definition</description>
<source_reference file="sda.cpp" line="2261" />
</extent>
<lines_of_code value="18" level="0" />
<McCabes_cyclomatic_complexity value="2" level="0" />
<lines_of_comment value="0" level="0" />
<lines_of_code_per_line_of_comment value="------" level="0" />
<McCabes_cyclomatic_complexity_per_line_of_comment value="------" level="0" />
</member_function>
</procedural_detail>
<structural_detail>
<module>
<name>anonymous</name>
<client_module>
</client_module>
<supplier_module>
</supplier_module>
</module>
</structural_detail>
</CCCC_Project>
