<?xml version="1.0" encoding="utf-8"?>
<!--Report on software metrics-->
<CCCC_Project>
<timestamp>Sun Nov 27 16:20:15 2022
</timestamp>
<project_summary>
<number_of_modules value="18" level="0" />
<lines_of_code value="3835" level="0" />
<lines_of_code_per_module value="213.056" level="0" />
<McCabes_cyclomatic_complexity value="468" level="0" />
<McCabes_cyclomatic_complexity_per_module value="26.000" level="0" />
<lines_of_comment value="514" level="0" />
<lines_of_comment_per_module value="28.556" level="0" />
<lines_of_code_per_line_of_comment value="7.461" level="1" />
<McCabes_cyclomatic_complexity_per_line_of_comment value="0.911" level="0" />
<IF4 value="247" level="0" />
<IF4_per_module value="13.722" level="0" />
<IF4_visible value="34" level="0" />
<IF4_visible_per_module value="1.889" level="0" />
<IF4_concrete value="0" level="0" />
<IF4_concrete value="0.000" level="0" />
<rejected_lines_of_code value="11" level="0" />
</project_summary>
<procedural_summary>
<module>
<name>CLO</name>
<lines_of_code value="198" level="0" />
<McCabes_cyclomatic_complexity value="18" level="0" />
<lines_of_comment value="2" level="0" />
<lines_of_code_per_line_of_comment value="99.000" level="2" />
<McCabes_cyclomatic_complexity_per_line_of_comment value="9.000" level="1" />
</module>
<module>
<name>Course</name>
<lines_of_code value="284" level="0" />
<McCabes_cyclomatic_complexity value="34" level="0" />
<lines_of_comment value="36" level="0" />
<lines_of_code_per_line_of_comment value="7.889" level="1" />
<McCabes_cyclomatic_complexity_per_line_of_comment value="0.944" level="0" />
</module>
<module>
<name>Date</name>
<lines_of_code value="106" level="0" />
<McCabes_cyclomatic_complexity value="8" level="0" />
<lines_of_comment value="16" level="0" />
<lines_of_code_per_line_of_comment value="6.625" level="0" />
<McCabes_cyclomatic_complexity_per_line_of_comment value="0.500" level="0" />
</module>
<module>
<name>Evaluation</name>
<lines_of_code value="252" level="0" />
<McCabes_cyclomatic_complexity value="22" level="0" />
<lines_of_comment value="12" level="0" />
<lines_of_code_per_line_of_comment value="21.000" level="1" />
<McCabes_cyclomatic_complexity_per_line_of_comment value="1.833" level="0" />
</module>
<module>
<name>PLO</name>
<lines_of_code value="184" level="0" />
<McCabes_cyclomatic_complexity value="14" level="0" />
<lines_of_comment value="94" level="0" />
<lines_of_code_per_line_of_comment value="1.957" level="0" />
<McCabes_cyclomatic_complexity_per_line_of_comment value="0.149" level="0" />
</module>
<module>
<name>Program</name>
<lines_of_code value="286" level="0" />
<McCabes_cyclomatic_complexity value="38" level="0" />
<lines_of_comment value="28" level="0" />
<lines_of_code_per_line_of_comment value="10.214" level="1" />
<McCabes_cyclomatic_complexity_per_line_of_comment value="1.357" level="0" />
</module>
<module>
<name>Question</name>
<lines_of_code value="162" level="0" />
<McCabes_cyclomatic_complexity value="12" level="0" />
<lines_of_comment value="16" level="0" />
<lines_of_code_per_line_of_comment value="10.125" level="1" />
<McCabes_cyclomatic_complexity_per_line_of_comment value="0.750" level="0" />
</module>
<module>
<name>Teacher</name>
<lines_of_code value="530" level="1" />
<McCabes_cyclomatic_complexity value="70" level="0" />
<lines_of_comment value="12" level="0" />
<lines_of_code_per_line_of_comment value="44.167" level="2" />
<McCabes_cyclomatic_complexity_per_line_of_comment value="5.833" level="1" />
</module>
<module>
<name>Topic</name>
<lines_of_code value="156" level="0" />
<McCabes_cyclomatic_complexity value="14" level="0" />
<lines_of_comment value="4" level="0" />
<lines_of_code_per_line_of_comment value="39.000" level="2" />
<McCabes_cyclomatic_complexity_per_line_of_comment value="3.500" level="0" />
</module>
<module>
<name>User</name>
<lines_of_code value="116" level="0" />
<McCabes_cyclomatic_complexity value="10" level="0" />
<lines_of_comment value="10" level="0" />
<lines_of_code_per_line_of_comment value="11.600" level="1" />
<McCabes_cyclomatic_complexity_per_line_of_comment value="1.000" level="0" />
</module>
<module>
<name>academicOfficer</name>
<lines_of_code value="1006" level="1" />
<McCabes_cyclomatic_complexity value="148" level="0" />
<lines_of_comment value="46" level="0" />
<lines_of_code_per_line_of_comment value="21.870" level="1" />
<McCabes_cyclomatic_complexity_per_line_of_comment value="3.217" level="0" />
</module>
<module>
<name>address</name>
<lines_of_code value="122" level="0" />
<McCabes_cyclomatic_complexity value="12" level="0" />
<lines_of_comment value="4" level="0" />
<lines_of_code_per_line_of_comment value="30.500" level="2" />
<McCabes_cyclomatic_complexity_per_line_of_comment value="3.000" level="0" />
</module>
<module>
<name>anonymous</name>
<lines_of_code value="410" level="0" />
<McCabes_cyclomatic_complexity value="68" level="0" />
<lines_of_comment value="234" level="0" />
<lines_of_code_per_line_of_comment value="1.752" level="0" />
<McCabes_cyclomatic_complexity_per_line_of_comment value="0.291" level="0" />
</module>
<module>
<name>bool</name>
<lines_of_code value="0" level="0" />
<McCabes_cyclomatic_complexity value="0" level="0" />
<lines_of_comment value="0" level="0" />
<lines_of_code_per_line_of_comment value="------" level="0" />
<McCabes_cyclomatic_complexity_per_line_of_comment value="------" level="0" />
</module>
<module>
<name>ofstream</name>
<lines_of_code value="0" level="0" />
<McCabes_cyclomatic_complexity value="0" level="0" />
<lines_of_comment value="0" level="0" />
<lines_of_code_per_line_of_comment value="------" level="0" />
<McCabes_cyclomatic_complexity_per_line_of_comment value="------" level="0" />
</module>
<module>
<name>string</name>
<lines_of_code value="0" level="0" />
<McCabes_cyclomatic_complexity value="0" level="0" />
<lines_of_comment value="0" level="0" />
<lines_of_code_per_line_of_comment value="------" level="0" />
<McCabes_cyclomatic_complexity_per_line_of_comment value="------" level="0" />
</module>
<module>
<name>unordered_map</name>
<lines_of_code value="0" level="0" />
<McCabes_cyclomatic_complexity value="0" level="0" />
<lines_of_comment value="0" level="0" />
<lines_of_code_per_line_of_comment value="------" level="0" />
<McCabes_cyclomatic_complexity_per_line_of_comment value="------" level="0" />
</module>
<module>
<name>vector</name>
<lines_of_code value="0" level="0" />
<McCabes_cyclomatic_complexity value="0" level="0" />
<lines_of_comment value="0" level="0" />
<lines_of_code_per_line_of_comment value="------" level="0" />
<McCabes_cyclomatic_complexity_per_line_of_comment value="------" level="0" />
</module>
</procedural_summary>
<oo_design>
<module>
<name>CLO</name>
<weighted_methods_per_class_unity value="10" level="0" />
<weighted_methods_per_class_visibility value="10" level="0" />
<depth_of_inheritance_tree value="0" level="0" />
<number_of_children value="0" level="0" />
<coupling_between_objects value="7" level="0" />
</module>
<module>
<name>Course</name>
<weighted_methods_per_class_unity value="9" level="0" />
<weighted_methods_per_class_visibility value="9" level="0" />
<depth_of_inheritance_tree value="0" level="0" />
<number_of_children value="0" level="0" />
<coupling_between_objects value="5" level="0" />
</module>
<module>
<name>Date</name>
<weighted_methods_per_class_unity value="9" level="0" />
<weighted_methods_per_class_visibility value="9" level="0" />
<depth_of_inheritance_tree value="0" level="0" />
<number_of_children value="0" level="0" />
<coupling_between_objects value="3" level="0" />
</module>
<module>
<name>Evaluation</name>
<weighted_methods_per_class_unity value="7" level="0" />
<weighted_methods_per_class_visibility value="7" level="0" />
<depth_of_inheritance_tree value="0" level="0" />
<number_of_children value="0" level="0" />
<coupling_between_objects value="3" level="0" />
</module>
<module>
<name>PLO</name>
<weighted_methods_per_class_unity value="10" level="0" />
<weighted_methods_per_class_visibility value="10" level="0" />
<depth_of_inheritance_tree value="0" level="0" />
<number_of_children value="0" level="0" />
<coupling_between_objects value="4" level="0" />
</module>
<module>
<name>Program</name>
<weighted_methods_per_class_unity value="7" level="0" />
<weighted_methods_per_class_visibility value="7" level="0" />
<depth_of_inheritance_tree value="0" level="0" />
<number_of_children value="0" level="0" />
<coupling_between_objects value="4" level="0" />
</module>
<module>
<name>Question</name>
<weighted_methods_per_class_unity value="6" level="0" />
<weighted_methods_per_class_visibility value="6" level="0" />
<depth_of_inheritance_tree value="0" level="0" />
<number_of_children value="0" level="0" />
<coupling_between_objects value="2" level="0" />
</module>
<module>
<name>Teacher</name>
<weighted_methods_per_class_unity value="17" level="0" />
<weighted_methods_per_class_visibility value="17" level="1" />
<depth_of_inheritance_tree value="1" level="0" />
<number_of_children value="0" level="0" />
<coupling_between_objects value="6" level="0" />
</module>
<module>
<name>Topic</name>
<weighted_methods_per_class_unity value="6" level="0" />
<weighted_methods_per_class_visibility value="6" level="0" />
<depth_of_inheritance_tree value="0" level="0" />
<number_of_children value="0" level="0" />
<coupling_between_objects value="3" level="0" />
</module>
<module>
<name>User</name>
<weighted_methods_per_class_unity value="11" level="0" />
<weighted_methods_per_class_visibility value="11" level="1" />
<depth_of_inheritance_tree value="0" level="0" />
<number_of_children value="2" level="0" />
<coupling_between_objects value="5" level="0" />
</module>
<module>
<name>academicOfficer</name>
<weighted_methods_per_class_unity value="29" level="0" />
<weighted_methods_per_class_visibility value="29" level="1" />
<depth_of_inheritance_tree value="1" level="0" />
<number_of_children value="0" level="0" />
<coupling_between_objects value="7" level="0" />
</module>
<module>
<name>address</name>
<weighted_methods_per_class_unity value="9" level="0" />
<weighted_methods_per_class_visibility value="9" level="0" />
<depth_of_inheritance_tree value="0" level="0" />
<number_of_children value="0" level="0" />
<coupling_between_objects value="2" level="0" />
</module>
<module>
<name>anonymous</name>
<weighted_methods_per_class_unity value="6" level="0" />
<weighted_methods_per_class_visibility value="2" level="0" />
<depth_of_inheritance_tree value="0" level="0" />
<number_of_children value="0" level="0" />
<coupling_between_objects value="0" level="0" />
</module>
<module>
<name>bool</name>
<weighted_methods_per_class_unity value="0" level="0" />
<weighted_methods_per_class_visibility value="0" level="0" />
<depth_of_inheritance_tree value="0" level="0" />
<number_of_children value="0" level="0" />
<coupling_between_objects value="2" level="0" />
</module>
<module>
<name>ofstream</name>
<weighted_methods_per_class_unity value="0" level="0" />
<weighted_methods_per_class_visibility value="0" level="0" />
<depth_of_inheritance_tree value="0" level="0" />
<number_of_children value="0" level="0" />
<coupling_between_objects value="3" level="0" />
</module>
<module>
<name>string</name>
<weighted_methods_per_class_unity value="0" level="0" />
<weighted_methods_per_class_visibility value="0" level="0" />
<depth_of_inheritance_tree value="0" level="0" />
<number_of_children value="0" level="0" />
<coupling_between_objects value="2" level="0" />
</module>
<module>
<name>unordered_map</name>
<weighted_methods_per_class_unity value="0" level="0" />
<weighted_methods_per_class_visibility value="0" level="0" />
<depth_of_inheritance_tree value="0" level="0" />
<number_of_children value="0" level="0" />
<coupling_between_objects value="1" level="0" />
</module>
<module>
<name>vector</name>
<weighted_methods_per_class_unity value="0" level="0" />
<weighted_methods_per_class_visibility value="0" level="0" />
<depth_of_inheritance_tree value="0" level="0" />
<number_of_children value="0" level="0" />
<coupling_between_objects value="7" level="0" />
</module>
</oo_design>
<structural_summary>
<module>
<name>CLO</name>
<fan_out_visible value="4" level="0" />
<fan_out_concrete value="0" level="0" />
<fan_out value="4" level="0" />
<fan_in_visible value="1" level="0" />
<fan_in_concrete value="2" level="0" />
<fan_in value="3" level="0" />
<IF4_visible value="16" level="0" />
<IF4_concrete value="0" level="0" />
<IF4 value="144" level="1" />
</module>
<module>
<name>Course</name>
<fan_out_visible value="3" level="0" />
<fan_out_concrete value="0" level="0" />
<fan_out value="3" level="0" />
<fan_in_visible value="1" level="0" />
<fan_in_concrete value="1" level="0" />
<fan_in value="2" level="0" />
<IF4_visible value="9" level="0" />
<IF4_concrete value="0" level="0" />
<IF4 value="36" level="0" />
</module>
<module>
<name>Date</name>
<fan_out_visible value="0" level="0" />
<fan_out_concrete value="0" level="0" />
<fan_out value="2" level="0" />
<fan_in_visible value="1" level="0" />
<fan_in_concrete value="0" level="0" />
<fan_in value="1" level="0" />
<IF4_visible value="0" level="0" />
<IF4_concrete value="0" level="0" />
<IF4 value="4" level="0" />
</module>
<module>
<name>Evaluation</name>
<fan_out_visible value="1" level="0" />
<fan_out_concrete value="0" level="0" />
<fan_out value="1" level="0" />
<fan_in_visible value="0" level="0" />
<fan_in_concrete value="1" level="0" />
<fan_in value="2" level="0" />
<IF4_visible value="0" level="0" />
<IF4_concrete value="0" level="0" />
<IF4 value="4" level="0" />
</module>
<module>
<name>PLO</name>
<fan_out_visible value="3" level="0" />
<fan_out_concrete value="0" level="0" />
<fan_out value="3" level="0" />
<fan_in_visible value="0" level="0" />
<fan_in_concrete value="1" level="0" />
<fan_in value="1" level="0" />
<IF4_visible value="0" level="0" />
<IF4_concrete value="0" level="0" />
<IF4 value="9" level="0" />
</module>
<module>
<name>Program</name>
<fan_out_visible value="1" level="0" />
<fan_out_concrete value="0" level="0" />
<fan_out value="1" level="0" />
<fan_in_visible value="2" level="0" />
<fan_in_concrete value="1" level="0" />
<fan_in value="3" level="0" />
<IF4_visible value="4" level="0" />
<IF4_concrete value="0" level="0" />
<IF4 value="9" level="0" />
</module>
<module>
<name>Question</name>
<fan_out_visible value="0" level="0" />
<fan_out_concrete value="0" level="0" />
<fan_out value="0" level="0" />
<fan_in_visible value="1" level="0" />
<fan_in_concrete value="1" level="0" />
<fan_in value="2" level="0" />
<IF4_visible value="0" level="0" />
<IF4_concrete value="0" level="0" />
<IF4 value="0" level="0" />
</module>
<module>
<name>Teacher</name>
<fan_out_visible value="0" level="0" />
<fan_out_concrete value="0" level="0" />
<fan_out value="0" level="0" />
<fan_in_visible value="6" level="0" />
<fan_in_concrete value="3" level="0" />
<fan_in value="6" level="0" />
<IF4_visible value="0" level="0" />
<IF4_concrete value="0" level="0" />
<IF4 value="0" level="0" />
</module>
<module>
<name>Topic</name>
<fan_out_visible value="1" level="0" />
<fan_out_concrete value="0" level="0" />
<fan_out value="1" level="0" />
<fan_in_visible value="1" level="0" />
<fan_in_concrete value="1" level="0" />
<fan_in value="2" level="0" />
<IF4_visible value="1" level="0" />
<IF4_concrete value="0" level="0" />
<IF4 value="4" level="0" />
</module>
<module>
<name>User</name>
<fan_out_visible value="2" level="0" />
<fan_out_concrete value="2" level="0" />
<fan_out value="2" level="0" />
<fan_in_visible value="1" level="0" />
<fan_in_concrete value="0" level="0" />
<fan_in value="3" level="0" />
<IF4_visible value="4" level="0" />
<IF4_concrete value="0" level="0" />
<IF4 value="36" level="0" />
</module>
<module>
<name>academicOfficer</name>
<fan_out_visible value="0" level="0" />
<fan_out_concrete value="0" level="0" />
<fan_out value="0" level="0" />
<fan_in_visible value="7" level="1" />
<fan_in_concrete value="3" level="0" />
<fan_in value="7" level="0" />
<IF4_visible value="0" level="0" />
<IF4_concrete value="0" level="0" />
<IF4 value="0" level="0" />
</module>
<module>
<name>address</name>
<fan_out_visible value="0" level="0" />
<fan_out_concrete value="0" level="0" />
<fan_out value="1" level="0" />
<fan_in_visible value="1" level="0" />
<fan_in_concrete value="0" level="0" />
<fan_in value="1" level="0" />
<IF4_visible value="0" level="0" />
<IF4_concrete value="0" level="0" />
<IF4 value="1" level="0" />
</module>
<module>
<name>anonymous</name>
<fan_out_visible value="0" level="0" />
<fan_out_concrete value="0" level="0" />
<fan_out value="0" level="0" />
<fan_in_visible value="0" level="0" />
<fan_in_concrete value="0" level="0" />
<fan_in value="0" level="0" />
<IF4_visible value="0" level="0" />
<IF4_concrete value="0" level="0" />
<IF4 value="0" level="0" />
</module>
<module>
<name>bool</name>
<fan_out_visible value="0" level="0" />
<fan_out_concrete value="2" level="0" />
<fan_out value="2" level="0" />
<fan_in_visible value="0" level="0" />
<fan_in_concrete value="0" level="0" />
<fan_in value="0" level="0" />
<IF4_visible value="0" level="0" />
<IF4_concrete value="0" level="0" />
<IF4 value="0" level="0" />
</module>
<module>
<name>ofstream</name>
<fan_out_visible value="3" level="0" />
<fan_out_concrete value="0" level="0" />
<fan_out value="3" level="0" />
<fan_in_visible value="0" level="0" />
<fan_in_concrete value="0" level="0" />
<fan_in value="0" level="0" />
<IF4_visible value="0" level="0" />
<IF4_concrete value="0" level="0" />
<IF4 value="0" level="0" />
</module>
<module>
<name>string</name>
<fan_out_visible value="2" level="0" />
<fan_out_concrete value="2" level="0" />
<fan_out value="2" level="0" />
<fan_in_visible value="0" level="0" />
<fan_in_concrete value="0" level="0" />
<fan_in value="0" level="0" />
<IF4_visible value="0" level="0" />
<IF4_concrete value="0" level="0" />
<IF4 value="0" level="0" />
</module>
<module>
<name>unordered_map</name>
<fan_out_visible value="0" level="0" />
<fan_out_concrete value="1" level="0" />
<fan_out value="1" level="0" />
<fan_in_visible value="0" level="0" />
<fan_in_concrete value="0" level="0" />
<fan_in value="0" level="0" />
<IF4_visible value="0" level="0" />
<IF4_concrete value="0" level="0" />
<IF4 value="0" level="0" />
</module>
<module>
<name>vector</name>
<fan_out_visible value="2" level="0" />
<fan_out_concrete value="7" level="1" />
<fan_out value="7" level="0" />
<fan_in_visible value="0" level="0" />
<fan_in_concrete value="0" level="0" />
<fan_in value="0" level="0" />
<IF4_visible value="0" level="0" />
<IF4_concrete value="0" level="0" />
<IF4 value="0" level="0" />
</module>
</structural_summary>
<other_extents>
<rejected_extent>
<name>&lt;file scope items&gt;</name>
<source_reference file="sda.cpp" line="1" />
<lines_of_code value="5" level="0" />
<lines_of_comment value="0" level="0" />
<McCabes_cyclomatic_complexity value="0" level="0" />
</rejected_extent>
<rejected_extent>
<name>&lt;file scope items&gt;</name>
<source_reference file="sda.cpp" line="1" />
<lines_of_code value="6" level="0" />
<lines_of_comment value="0" level="0" />
<McCabes_cyclomatic_complexity value="0" level="0" />
</rejected_extent>
</other_extents>
</CCCC_Project>
