<?xml version="1.0" encoding="utf-8"?>
<!--Detailed report on module CLO-->
<CCCC_Project>
<module_summary>
<lines_of_code value="198" level="0" />
<lines_of_code_per_member_function value="******" level="0" />
<McCabes_cyclomatic_complexity value="18" level="0" />
<McCabes_cyclomatic_complexity_per_member_function value="******" level="2" />
<lines_of_code value="2" level="0" />
<lines_of_code_per_member_function value="********" level="2" />
<lines_of_code_per_line_of_comment value="99.000" level="2" />
<McCabes_cyclomatic_complexity_per_line_of_comment value="9.000" level="1" />
<weighted_methods_per_class_unity value="10" level="0" />
<weighted_methods_per_class_visibility value="10" level="0" />
<depth_of_inheritance_tree value="0" level="0" />
<number_of_children value="0" level="0" />
<coupling_between_objects value="7" level="0" />
<IF4 value="144" level="1" />
<IF4_per_member_function value="********" level="2" />
<IF4_visible value="16" level="0" />
<IF4_visible_per_member_function value="********" level="2" />
<IF4_concrete value="0" level="0" />
<IF4_concrete_per_member_function value="********" level="0" />
</module_summary>
<module_detail>
<description>declaration</description>
<source_reference file="sda.cpp" line="17" />
<lines_of_code value="1" level="0" />
<McCabes_cyclomatic_complexity value="0" level="0" />
<lines_of_comment value="0" level="0" />
<lines_of_code_per_line_of_comment value="------" level="0" />
<McCabes_cyclomatic_complexity_per_line_of_comment value="------" level="0" />
<description>definition</description>
<source_reference file="sda.cpp" line="435" />
<lines_of_code value="9" level="0" />
<McCabes_cyclomatic_complexity value="0" level="0" />
<lines_of_comment value="1" level="0" />
<lines_of_code_per_line_of_comment value="------" level="0" />
<McCabes_cyclomatic_complexity_per_line_of_comment value="------" level="0" />
<description>declaration</description>
<source_reference file="sda.cpp" line="17" />
<lines_of_code value="1" level="0" />
<McCabes_cyclomatic_complexity value="0" level="0" />
<lines_of_comment value="0" level="0" />
<lines_of_code_per_line_of_comment value="------" level="0" />
<McCabes_cyclomatic_complexity_per_line_of_comment value="------" level="0" />
<description>definition</description>
<source_reference file="sda.cpp" line="435" />
<lines_of_code value="9" level="0" />
<McCabes_cyclomatic_complexity value="0" level="0" />
<lines_of_comment value="1" level="0" />
<lines_of_code_per_line_of_comment value="------" level="0" />
<McCabes_cyclomatic_complexity_per_line_of_comment value="------" level="0" />
</module_detail>
<procedural_detail>
<member_function>
<name>CLO()</name>
<extent>
<description>definition</description>
<source_reference file="sda.cpp" line="443" />
</extent>
<extent>
<description>definition</description>
<source_reference file="sda.cpp" line="443" />
</extent>
<lines_of_code value="12" level="0" />
<McCabes_cyclomatic_complexity value="0" level="0" />
<lines_of_comment value="0" level="0" />
<lines_of_code_per_line_of_comment value="------" level="0" />
<McCabes_cyclomatic_complexity_per_line_of_comment value="------" level="0" />
</member_function>
<member_function>
<name>CLO(...)</name>
<extent>
<description>definition</description>
<source_reference file="sda.cpp" line="449" />
</extent>
<extent>
<description>definition</description>
<source_reference file="sda.cpp" line="449" />
</extent>
<lines_of_code value="14" level="0" />
<McCabes_cyclomatic_complexity value="0" level="0" />
<lines_of_comment value="0" level="0" />
<lines_of_code_per_line_of_comment value="------" level="0" />
<McCabes_cyclomatic_complexity_per_line_of_comment value="------" level="0" />
</member_function>
<member_function>
<name>CLO(CLO &amp;)</name>
<extent>
<description>definition</description>
<source_reference file="sda.cpp" line="457" />
</extent>
<extent>
<description>definition</description>
<source_reference file="sda.cpp" line="457" />
</extent>
<lines_of_code value="14" level="0" />
<McCabes_cyclomatic_complexity value="0" level="0" />
<lines_of_comment value="0" level="0" />
<lines_of_code_per_line_of_comment value="------" level="0" />
<McCabes_cyclomatic_complexity_per_line_of_comment value="------" level="0" />
</member_function>
<member_function>
<name>addPLO(PLO *)</name>
<extent>
<description>definition</description>
<source_reference file="sda.cpp" line="471" />
</extent>
<extent>
<description>definition</description>
<source_reference file="sda.cpp" line="471" />
</extent>
<lines_of_code value="8" level="0" />
<McCabes_cyclomatic_complexity value="0" level="0" />
<lines_of_comment value="0" level="0" />
<lines_of_code_per_line_of_comment value="------" level="0" />
<McCabes_cyclomatic_complexity_per_line_of_comment value="------" level="0" />
</member_function>
<member_function>
<name>getDes()</name>
<extent>
<description>definition</description>
<source_reference file="sda.cpp" line="510" />
</extent>
<extent>
<description>definition</description>
<source_reference file="sda.cpp" line="510" />
</extent>
<lines_of_code value="6" level="0" />
<McCabes_cyclomatic_complexity value="2" level="0" />
<lines_of_comment value="0" level="0" />
<lines_of_code_per_line_of_comment value="------" level="0" />
<McCabes_cyclomatic_complexity_per_line_of_comment value="------" level="0" />
</member_function>
<member_function>
<name>getcId()</name>
<extent>
<description>definition</description>
<source_reference file="sda.cpp" line="466" />
</extent>
<extent>
<description>definition</description>
<source_reference file="sda.cpp" line="466" />
</extent>
<lines_of_code value="8" level="0" />
<McCabes_cyclomatic_complexity value="2" level="0" />
<lines_of_comment value="0" level="0" />
<lines_of_code_per_line_of_comment value="------" level="0" />
<McCabes_cyclomatic_complexity_per_line_of_comment value="------" level="0" />
</member_function>
<member_function>
<name>getcourseid()</name>
<extent>
<description>definition</description>
<source_reference file="sda.cpp" line="520" />
</extent>
<extent>
<description>definition</description>
<source_reference file="sda.cpp" line="520" />
</extent>
<lines_of_code value="8" level="0" />
<McCabes_cyclomatic_complexity value="2" level="0" />
<lines_of_comment value="0" level="0" />
<lines_of_code_per_line_of_comment value="------" level="0" />
<McCabes_cyclomatic_complexity_per_line_of_comment value="------" level="0" />
</member_function>
<member_function>
<name>saveCLO(int)</name>
<extent>
<description>definition</description>
<source_reference file="sda.cpp" line="526" />
</extent>
<extent>
<description>definition</description>
<source_reference file="sda.cpp" line="526" />
</extent>
<lines_of_code value="42" level="1" />
<McCabes_cyclomatic_complexity value="4" level="0" />
<lines_of_comment value="0" level="0" />
<lines_of_code_per_line_of_comment value="******" level="2" />
<McCabes_cyclomatic_complexity_per_line_of_comment value="------" level="0" />
</member_function>
<member_function>
<name>setcourseid(int)</name>
<extent>
<description>definition</description>
<source_reference file="sda.cpp" line="515" />
</extent>
<extent>
<description>definition</description>
<source_reference file="sda.cpp" line="515" />
</extent>
<lines_of_code value="8" level="0" />
<McCabes_cyclomatic_complexity value="0" level="0" />
<lines_of_comment value="0" level="0" />
<lines_of_code_per_line_of_comment value="------" level="0" />
<McCabes_cyclomatic_complexity_per_line_of_comment value="------" level="0" />
</member_function>
<member_function>
<name>updateCLO()</name>
<extent>
<description>definition</description>
<source_reference file="sda.cpp" line="476" />
</extent>
<extent>
<description>definition</description>
<source_reference file="sda.cpp" line="476" />
</extent>
<lines_of_code value="58" level="1" />
<McCabes_cyclomatic_complexity value="8" level="0" />
<lines_of_comment value="0" level="0" />
<lines_of_code_per_line_of_comment value="******" level="2" />
<McCabes_cyclomatic_complexity_per_line_of_comment value="******" level="2" />
</member_function>
</procedural_detail>
<structural_detail>
<module>
<name>CLO</name>
<client_module>
<name>Course</name>
<visible>true</visible>
<concrete>false</concrete>
<extent>
<description>pass by reference</description>
<source_reference file="sda.cpp" line="598" />
</extent>
<extent>
<description>pass by reference</description>
<source_reference file="sda.cpp" line="598" />
</extent>
<name>Question</name>
<visible>true</visible>
<concrete>false</concrete>
<extent>
<description>pass by reference</description>
<source_reference file="sda.cpp" line="1609" />
</extent>
<extent>
<description>pass by reference</description>
<source_reference file="sda.cpp" line="1609" />
</extent>
<name>Topic</name>
<visible>true</visible>
<concrete>false</concrete>
<extent>
<description>pass by reference</description>
<source_reference file="sda.cpp" line="1847" />
</extent>
<extent>
<description>pass by reference</description>
<source_reference file="sda.cpp" line="1847" />
</extent>
<name>academicOfficer</name>
<visible>true</visible>
<concrete>false</concrete>
<extent>
<description>pass by reference</description>
<source_reference file="sda.cpp" line="990" />
</extent>
<extent>
<description>pass by reference</description>
<source_reference file="sda.cpp" line="990" />
</extent>
</client_module>
<supplier_module>
<name>PLO</name>
<visible>true</visible>
<concrete>false</concrete>
<extent>
<description>pass by reference</description>
<source_reference file="sda.cpp" line="471" />
</extent>
<extent>
<description>pass by reference</description>
<source_reference file="sda.cpp" line="471" />
</extent>
<name>bool</name>
<visible>false</visible>
<concrete>true</concrete>
<extent>
<description>has by value</description>
<source_reference file="sda.cpp" line="439" />
</extent>
<extent>
<description>has by value</description>
<source_reference file="sda.cpp" line="439" />
</extent>
<name>vector</name>
<visible>false</visible>
<concrete>true</concrete>
<extent>
<description>has by value</description>
<source_reference file="sda.cpp" line="441" />
</extent>
<extent>
<description>has by value</description>
<source_reference file="sda.cpp" line="441" />
</extent>
</supplier_module>
</module>
</structural_detail>
</CCCC_Project>
