<?xml version="1.0" encoding="utf-8"?>
<!--Detailed report on module Course-->
<CCCC_Project>
<module_summary>
<lines_of_code value="284" level="0" />
<lines_of_code_per_member_function value="******" level="0" />
<McCabes_cyclomatic_complexity value="34" level="0" />
<McCabes_cyclomatic_complexity_per_member_function value="******" level="2" />
<lines_of_code value="36" level="0" />
<lines_of_code_per_member_function value="********" level="2" />
<lines_of_code_per_line_of_comment value="7.889" level="1" />
<McCabes_cyclomatic_complexity_per_line_of_comment value="0.944" level="0" />
<weighted_methods_per_class_unity value="9" level="0" />
<weighted_methods_per_class_visibility value="9" level="0" />
<depth_of_inheritance_tree value="0" level="0" />
<number_of_children value="0" level="0" />
<coupling_between_objects value="5" level="0" />
<IF4 value="36" level="0" />
<IF4_per_member_function value="********" level="2" />
<IF4_visible value="9" level="0" />
<IF4_visible_per_member_function value="********" level="2" />
<IF4_concrete value="0" level="0" />
<IF4_concrete_per_member_function value="********" level="0" />
</module_summary>
<module_detail>
<description>declaration</description>
<source_reference file="sda.cpp" line="13" />
<lines_of_code value="1" level="0" />
<McCabes_cyclomatic_complexity value="0" level="0" />
<lines_of_comment value="0" level="0" />
<lines_of_code_per_line_of_comment value="------" level="0" />
<McCabes_cyclomatic_complexity_per_line_of_comment value="------" level="0" />
<description>definition</description>
<source_reference file="sda.cpp" line="560" />
<lines_of_code value="10" level="0" />
<McCabes_cyclomatic_complexity value="0" level="0" />
<lines_of_comment value="0" level="0" />
<lines_of_code_per_line_of_comment value="------" level="0" />
<McCabes_cyclomatic_complexity_per_line_of_comment value="------" level="0" />
<description>declaration</description>
<source_reference file="sda.cpp" line="13" />
<lines_of_code value="1" level="0" />
<McCabes_cyclomatic_complexity value="0" level="0" />
<lines_of_comment value="0" level="0" />
<lines_of_code_per_line_of_comment value="------" level="0" />
<McCabes_cyclomatic_complexity_per_line_of_comment value="------" level="0" />
<description>definition</description>
<source_reference file="sda.cpp" line="560" />
<lines_of_code value="10" level="0" />
<McCabes_cyclomatic_complexity value="0" level="0" />
<lines_of_comment value="0" level="0" />
<lines_of_code_per_line_of_comment value="------" level="0" />
<McCabes_cyclomatic_complexity_per_line_of_comment value="------" level="0" />
</module_detail>
<procedural_detail>
<member_function>
<name>Course(...)</name>
<extent>
<description>definition</description>
<source_reference file="sda.cpp" line="577" />
</extent>
<extent>
<description>definition</description>
<source_reference file="sda.cpp" line="577" />
</extent>
<lines_of_code value="16" level="0" />
<McCabes_cyclomatic_complexity value="0" level="0" />
<lines_of_comment value="0" level="0" />
<lines_of_code_per_line_of_comment value="------" level="0" />
<McCabes_cyclomatic_complexity_per_line_of_comment value="------" level="0" />
</member_function>
<member_function>
<name>Course(Course &amp;)</name>
<extent>
<description>definition</description>
<source_reference file="sda.cpp" line="585" />
</extent>
<extent>
<description>definition</description>
<source_reference file="sda.cpp" line="585" />
</extent>
<lines_of_code value="14" level="0" />
<McCabes_cyclomatic_complexity value="0" level="0" />
<lines_of_comment value="0" level="0" />
<lines_of_code_per_line_of_comment value="------" level="0" />
<McCabes_cyclomatic_complexity_per_line_of_comment value="------" level="0" />
</member_function>
<member_function>
<name>addCLO(CLO *)</name>
<extent>
<description>definition</description>
<source_reference file="sda.cpp" line="598" />
</extent>
<extent>
<description>definition</description>
<source_reference file="sda.cpp" line="598" />
</extent>
<lines_of_code value="8" level="0" />
<McCabes_cyclomatic_complexity value="0" level="0" />
<lines_of_comment value="0" level="0" />
<lines_of_code_per_line_of_comment value="------" level="0" />
<McCabes_cyclomatic_complexity_per_line_of_comment value="------" level="0" />
</member_function>
<member_function>
<name>getcName()</name>
<extent>
<description>definition</description>
<source_reference file="sda.cpp" line="603" />
</extent>
<extent>
<description>definition</description>
<source_reference file="sda.cpp" line="603" />
</extent>
<lines_of_code value="6" level="0" />
<McCabes_cyclomatic_complexity value="2" level="0" />
<lines_of_comment value="0" level="0" />
<lines_of_code_per_line_of_comment value="------" level="0" />
<McCabes_cyclomatic_complexity_per_line_of_comment value="------" level="0" />
</member_function>
<member_function>
<name>getprogramid()</name>
<extent>
<description>definition</description>
<source_reference file="sda.cpp" line="574" />
</extent>
<extent>
<description>definition</description>
<source_reference file="sda.cpp" line="574" />
</extent>
<lines_of_code value="6" level="0" />
<McCabes_cyclomatic_complexity value="2" level="0" />
<lines_of_comment value="0" level="0" />
<lines_of_code_per_line_of_comment value="------" level="0" />
<McCabes_cyclomatic_complexity_per_line_of_comment value="------" level="0" />
</member_function>
<member_function>
<name>savecourse(int)</name>
<extent>
<description>definition</description>
<source_reference file="sda.cpp" line="715" />
</extent>
<extent>
<description>definition</description>
<source_reference file="sda.cpp" line="715" />
</extent>
<lines_of_code value="46" level="1" />
<McCabes_cyclomatic_complexity value="6" level="0" />
<lines_of_comment value="28" level="0" />
<lines_of_code_per_line_of_comment value="1.643" level="0" />
<McCabes_cyclomatic_complexity_per_line_of_comment value="0.214" level="0" />
</member_function>
<member_function>
<name>setprogramid(int)</name>
<extent>
<description>definition</description>
<source_reference file="sda.cpp" line="571" />
</extent>
<extent>
<description>definition</description>
<source_reference file="sda.cpp" line="571" />
</extent>
<lines_of_code value="6" level="0" />
<McCabes_cyclomatic_complexity value="0" level="0" />
<lines_of_comment value="0" level="0" />
<lines_of_code_per_line_of_comment value="------" level="0" />
<McCabes_cyclomatic_complexity_per_line_of_comment value="------" level="0" />
</member_function>
<member_function>
<name>updateCourse(pc *)</name>
<extent>
<description>definition</description>
<source_reference file="sda.cpp" line="607" />
</extent>
<extent>
<description>definition</description>
<source_reference file="sda.cpp" line="607" />
</extent>
<lines_of_code value="152" level="2" />
<McCabes_cyclomatic_complexity value="24" level="1" />
<lines_of_comment value="8" level="0" />
<lines_of_code_per_line_of_comment value="19.000" level="1" />
<McCabes_cyclomatic_complexity_per_line_of_comment value="3.000" level="0" />
</member_function>
<member_function>
<name>~Course()</name>
<extent>
<description>definition</description>
<source_reference file="sda.cpp" line="593" />
</extent>
<extent>
<description>definition</description>
<source_reference file="sda.cpp" line="593" />
</extent>
<lines_of_code value="8" level="0" />
<McCabes_cyclomatic_complexity value="0" level="0" />
<lines_of_comment value="0" level="0" />
<lines_of_code_per_line_of_comment value="------" level="0" />
<McCabes_cyclomatic_complexity_per_line_of_comment value="------" level="0" />
</member_function>
</procedural_detail>
<structural_detail>
<module>
<name>Course</name>
<client_module>
<name>Program</name>
<visible>true</visible>
<concrete>false</concrete>
<extent>
<description>pass by reference</description>
<source_reference file="sda.cpp" line="779" />
</extent>
<extent>
<description>pass by reference</description>
<source_reference file="sda.cpp" line="779" />
</extent>
<name>Teacher</name>
<visible>true</visible>
<concrete>false</concrete>
<extent>
<description>pass by reference</description>
<source_reference file="sda.cpp" line="1958" />
</extent>
<extent>
<description>pass by reference</description>
<source_reference file="sda.cpp" line="1958" />
</extent>
<name>academicOfficer</name>
<visible>true</visible>
<concrete>false</concrete>
<extent>
<description>pass by reference</description>
<source_reference file="sda.cpp" line="979" />
</extent>
<extent>
<description>pass by reference</description>
<source_reference file="sda.cpp" line="979" />
</extent>
</client_module>
<supplier_module>
<name>CLO</name>
<visible>true</visible>
<concrete>false</concrete>
<extent>
<description>pass by reference</description>
<source_reference file="sda.cpp" line="598" />
</extent>
<extent>
<description>pass by reference</description>
<source_reference file="sda.cpp" line="598" />
</extent>
<name>vector</name>
<visible>false</visible>
<concrete>true</concrete>
<extent>
<description>has by value</description>
<source_reference file="sda.cpp" line="565" />
</extent>
<extent>
<description>has by value</description>
<source_reference file="sda.cpp" line="565" />
</extent>
</supplier_module>
</module>
</structural_detail>
</CCCC_Project>
