<?xml version="1.0" encoding="utf-8"?>
<!--Detailed report on module PLO-->
<CCCC_Project>
<module_summary>
<lines_of_code value="184" level="0" />
<lines_of_code_per_member_function value="******" level="0" />
<McCabes_cyclomatic_complexity value="14" level="0" />
<McCabes_cyclomatic_complexity_per_member_function value="******" level="2" />
<lines_of_code value="94" level="0" />
<lines_of_code_per_member_function value="********" level="2" />
<lines_of_code_per_line_of_comment value="1.957" level="0" />
<McCabes_cyclomatic_complexity_per_line_of_comment value="0.149" level="0" />
<weighted_methods_per_class_unity value="10" level="0" />
<weighted_methods_per_class_visibility value="10" level="0" />
<depth_of_inheritance_tree value="0" level="0" />
<number_of_children value="0" level="0" />
<coupling_between_objects value="4" level="0" />
<IF4 value="9" level="0" />
<IF4_per_member_function value="********" level="2" />
<IF4_visible value="0" level="0" />
<IF4_visible_per_member_function value="********" level="0" />
<IF4_concrete value="0" level="0" />
<IF4_concrete_per_member_function value="********" level="0" />
</module_summary>
<module_detail>
<description>declaration</description>
<source_reference file="sda.cpp" line="18" />
<lines_of_code value="1" level="0" />
<McCabes_cyclomatic_complexity value="0" level="0" />
<lines_of_comment value="0" level="0" />
<lines_of_code_per_line_of_comment value="------" level="0" />
<McCabes_cyclomatic_complexity_per_line_of_comment value="------" level="0" />
<description>definition</description>
<source_reference file="sda.cpp" line="272" />
<lines_of_code value="8" level="0" />
<McCabes_cyclomatic_complexity value="0" level="0" />
<lines_of_comment value="3" level="0" />
<lines_of_code_per_line_of_comment value="------" level="0" />
<McCabes_cyclomatic_complexity_per_line_of_comment value="------" level="0" />
<description>declaration</description>
<source_reference file="sda.cpp" line="18" />
<lines_of_code value="1" level="0" />
<McCabes_cyclomatic_complexity value="0" level="0" />
<lines_of_comment value="0" level="0" />
<lines_of_code_per_line_of_comment value="------" level="0" />
<McCabes_cyclomatic_complexity_per_line_of_comment value="------" level="0" />
<description>definition</description>
<source_reference file="sda.cpp" line="272" />
<lines_of_code value="8" level="0" />
<McCabes_cyclomatic_complexity value="0" level="0" />
<lines_of_comment value="3" level="0" />
<lines_of_code_per_line_of_comment value="------" level="0" />
<McCabes_cyclomatic_complexity_per_line_of_comment value="------" level="0" />
</module_detail>
<procedural_detail>
<member_function>
<name>PLO()</name>
<extent>
<description>definition</description>
<source_reference file="sda.cpp" line="288" />
</extent>
<extent>
<description>definition</description>
<source_reference file="sda.cpp" line="288" />
</extent>
<lines_of_code value="12" level="0" />
<McCabes_cyclomatic_complexity value="0" level="0" />
<lines_of_comment value="0" level="0" />
<lines_of_code_per_line_of_comment value="------" level="0" />
<McCabes_cyclomatic_complexity_per_line_of_comment value="------" level="0" />
</member_function>
<member_function>
<name>PLO(...)</name>
<extent>
<description>definition</description>
<source_reference file="sda.cpp" line="294" />
</extent>
<extent>
<description>definition</description>
<source_reference file="sda.cpp" line="294" />
</extent>
<lines_of_code value="14" level="0" />
<McCabes_cyclomatic_complexity value="0" level="0" />
<lines_of_comment value="0" level="0" />
<lines_of_code_per_line_of_comment value="------" level="0" />
<McCabes_cyclomatic_complexity_per_line_of_comment value="------" level="0" />
</member_function>
<member_function>
<name>PLO(PLO &amp;)</name>
<extent>
<description>definition</description>
<source_reference file="sda.cpp" line="302" />
</extent>
<extent>
<description>definition</description>
<source_reference file="sda.cpp" line="302" />
</extent>
<lines_of_code value="14" level="0" />
<McCabes_cyclomatic_complexity value="0" level="0" />
<lines_of_comment value="0" level="0" />
<lines_of_code_per_line_of_comment value="------" level="0" />
<McCabes_cyclomatic_complexity_per_line_of_comment value="------" level="0" />
</member_function>
<member_function>
<name>getDes()</name>
<extent>
<description>definition</description>
<source_reference file="sda.cpp" line="330" />
</extent>
<extent>
<description>definition</description>
<source_reference file="sda.cpp" line="330" />
</extent>
<lines_of_code value="8" level="0" />
<McCabes_cyclomatic_complexity value="2" level="0" />
<lines_of_comment value="0" level="0" />
<lines_of_code_per_line_of_comment value="------" level="0" />
<McCabes_cyclomatic_complexity_per_line_of_comment value="------" level="0" />
</member_function>
<member_function>
<name>getPLOid()</name>
<extent>
<description>definition</description>
<source_reference file="sda.cpp" line="311" />
</extent>
<extent>
<description>definition</description>
<source_reference file="sda.cpp" line="311" />
</extent>
<lines_of_code value="8" level="0" />
<McCabes_cyclomatic_complexity value="2" level="0" />
<lines_of_comment value="0" level="0" />
<lines_of_code_per_line_of_comment value="------" level="0" />
<McCabes_cyclomatic_complexity_per_line_of_comment value="------" level="0" />
</member_function>
<member_function>
<name>getpId()</name>
<extent>
<description>definition</description>
<source_reference file="sda.cpp" line="326" />
</extent>
<extent>
<description>definition</description>
<source_reference file="sda.cpp" line="326" />
</extent>
<lines_of_code value="8" level="0" />
<McCabes_cyclomatic_complexity value="2" level="0" />
<lines_of_comment value="16" level="0" />
<lines_of_code_per_line_of_comment value="------" level="0" />
<McCabes_cyclomatic_complexity_per_line_of_comment value="------" level="0" />
</member_function>
<member_function>
<name>getprogramid()</name>
<extent>
<description>definition</description>
<source_reference file="sda.cpp" line="285" />
</extent>
<extent>
<description>definition</description>
<source_reference file="sda.cpp" line="285" />
</extent>
<lines_of_code value="6" level="0" />
<McCabes_cyclomatic_complexity value="2" level="0" />
<lines_of_comment value="0" level="0" />
<lines_of_code_per_line_of_comment value="------" level="0" />
<McCabes_cyclomatic_complexity_per_line_of_comment value="------" level="0" />
</member_function>
<member_function>
<name>savePLO(int)</name>
<extent>
<description>definition</description>
<source_reference file="sda.cpp" line="408" />
</extent>
<extent>
<description>definition</description>
<source_reference file="sda.cpp" line="408" />
</extent>
<lines_of_code value="30" level="0" />
<McCabes_cyclomatic_complexity value="2" level="0" />
<lines_of_comment value="0" level="0" />
<lines_of_code_per_line_of_comment value="******" level="2" />
<McCabes_cyclomatic_complexity_per_line_of_comment value="------" level="0" />
</member_function>
<member_function>
<name>setprogramid(int)</name>
<extent>
<description>definition</description>
<source_reference file="sda.cpp" line="282" />
</extent>
<extent>
<description>definition</description>
<source_reference file="sda.cpp" line="282" />
</extent>
<lines_of_code value="6" level="0" />
<McCabes_cyclomatic_complexity value="0" level="0" />
<lines_of_comment value="0" level="0" />
<lines_of_code_per_line_of_comment value="------" level="0" />
<McCabes_cyclomatic_complexity_per_line_of_comment value="------" level="0" />
</member_function>
<member_function>
<name>updatePLO()</name>
<extent>
<description>definition</description>
<source_reference file="sda.cpp" line="335" />
</extent>
<extent>
<description>definition</description>
<source_reference file="sda.cpp" line="335" />
</extent>
<lines_of_code value="60" level="1" />
<McCabes_cyclomatic_complexity value="4" level="0" />
<lines_of_comment value="72" level="0" />
<lines_of_code_per_line_of_comment value="0.833" level="0" />
<McCabes_cyclomatic_complexity_per_line_of_comment value="------" level="0" />
</member_function>
</procedural_detail>
<structural_detail>
<module>
<name>PLO</name>
<client_module>
<name>CLO</name>
<visible>true</visible>
<concrete>false</concrete>
<extent>
<description>pass by reference</description>
<source_reference file="sda.cpp" line="471" />
</extent>
<extent>
<description>pass by reference</description>
<source_reference file="sda.cpp" line="471" />
</extent>
<name>Program</name>
<visible>true</visible>
<concrete>false</concrete>
<extent>
<description>pass by reference</description>
<source_reference file="sda.cpp" line="783" />
</extent>
<extent>
<description>pass by reference</description>
<source_reference file="sda.cpp" line="783" />
</extent>
<name>academicOfficer</name>
<visible>true</visible>
<concrete>false</concrete>
<extent>
<description>pass by reference</description>
<source_reference file="sda.cpp" line="996" />
</extent>
<extent>
<description>pass by reference</description>
<source_reference file="sda.cpp" line="996" />
</extent>
</client_module>
<supplier_module>
<name>bool</name>
<visible>false</visible>
<concrete>true</concrete>
<extent>
<description>has by value</description>
<source_reference file="sda.cpp" line="276" />
</extent>
<extent>
<description>has by value</description>
<source_reference file="sda.cpp" line="276" />
</extent>
</supplier_module>
</module>
</structural_detail>
</CCCC_Project>
