<?xml version="1.0" encoding="utf-8"?>
<!--Detailed report on module Program-->
<CCCC_Project>
<module_summary>
<lines_of_code value="286" level="0" />
<lines_of_code_per_member_function value="******" level="0" />
<McCabes_cyclomatic_complexity value="38" level="0" />
<McCabes_cyclomatic_complexity_per_member_function value="******" level="2" />
<lines_of_code value="28" level="0" />
<lines_of_code_per_member_function value="********" level="2" />
<lines_of_code_per_line_of_comment value="10.214" level="1" />
<McCabes_cyclomatic_complexity_per_line_of_comment value="1.357" level="0" />
<weighted_methods_per_class_unity value="7" level="0" />
<weighted_methods_per_class_visibility value="7" level="0" />
<depth_of_inheritance_tree value="0" level="0" />
<number_of_children value="0" level="0" />
<coupling_between_objects value="4" level="0" />
<IF4 value="9" level="0" />
<IF4_per_member_function value="********" level="2" />
<IF4_visible value="4" level="0" />
<IF4_visible_per_member_function value="********" level="2" />
<IF4_concrete value="0" level="0" />
<IF4_concrete_per_member_function value="********" level="0" />
</module_summary>
<module_detail>
<description>declaration</description>
<source_reference file="sda.cpp" line="16" />
<lines_of_code value="1" level="0" />
<McCabes_cyclomatic_complexity value="0" level="0" />
<lines_of_comment value="0" level="0" />
<lines_of_code_per_line_of_comment value="------" level="0" />
<McCabes_cyclomatic_complexity_per_line_of_comment value="------" level="0" />
<description>definition</description>
<source_reference file="sda.cpp" line="760" />
<lines_of_code value="8" level="0" />
<McCabes_cyclomatic_complexity value="0" level="0" />
<lines_of_comment value="2" level="0" />
<lines_of_code_per_line_of_comment value="------" level="0" />
<McCabes_cyclomatic_complexity_per_line_of_comment value="------" level="0" />
<description>declaration</description>
<source_reference file="sda.cpp" line="16" />
<lines_of_code value="1" level="0" />
<McCabes_cyclomatic_complexity value="0" level="0" />
<lines_of_comment value="0" level="0" />
<lines_of_code_per_line_of_comment value="------" level="0" />
<McCabes_cyclomatic_complexity_per_line_of_comment value="------" level="0" />
<description>definition</description>
<source_reference file="sda.cpp" line="760" />
<lines_of_code value="8" level="0" />
<McCabes_cyclomatic_complexity value="0" level="0" />
<lines_of_comment value="2" level="0" />
<lines_of_code_per_line_of_comment value="------" level="0" />
<McCabes_cyclomatic_complexity_per_line_of_comment value="------" level="0" />
</module_detail>
<procedural_detail>
<member_function>
<name>Program(...)</name>
<extent>
<description>definition</description>
<source_reference file="sda.cpp" line="768" />
</extent>
<extent>
<description>definition</description>
<source_reference file="sda.cpp" line="768" />
</extent>
<lines_of_code value="10" level="0" />
<McCabes_cyclomatic_complexity value="0" level="0" />
<lines_of_comment value="0" level="0" />
<lines_of_code_per_line_of_comment value="------" level="0" />
<McCabes_cyclomatic_complexity_per_line_of_comment value="------" level="0" />
</member_function>
<member_function>
<name>Program(Program &amp;)</name>
<extent>
<description>definition</description>
<source_reference file="sda.cpp" line="774" />
</extent>
<extent>
<description>definition</description>
<source_reference file="sda.cpp" line="774" />
</extent>
<lines_of_code value="10" level="0" />
<McCabes_cyclomatic_complexity value="0" level="0" />
<lines_of_comment value="0" level="0" />
<lines_of_code_per_line_of_comment value="------" level="0" />
<McCabes_cyclomatic_complexity_per_line_of_comment value="------" level="0" />
</member_function>
<member_function>
<name>addCourse(Course *)</name>
<extent>
<description>definition</description>
<source_reference file="sda.cpp" line="779" />
</extent>
<extent>
<description>definition</description>
<source_reference file="sda.cpp" line="779" />
</extent>
<lines_of_code value="8" level="0" />
<McCabes_cyclomatic_complexity value="0" level="0" />
<lines_of_comment value="0" level="0" />
<lines_of_code_per_line_of_comment value="------" level="0" />
<McCabes_cyclomatic_complexity_per_line_of_comment value="------" level="0" />
</member_function>
<member_function>
<name>addPLO(PLO *)</name>
<extent>
<description>definition</description>
<source_reference file="sda.cpp" line="783" />
</extent>
<extent>
<description>definition</description>
<source_reference file="sda.cpp" line="783" />
</extent>
<lines_of_code value="6" level="0" />
<McCabes_cyclomatic_complexity value="0" level="0" />
<lines_of_comment value="0" level="0" />
<lines_of_code_per_line_of_comment value="------" level="0" />
<McCabes_cyclomatic_complexity_per_line_of_comment value="------" level="0" />
</member_function>
<member_function>
<name>getpName()</name>
<extent>
<description>definition</description>
<source_reference file="sda.cpp" line="902" />
</extent>
<extent>
<description>definition</description>
<source_reference file="sda.cpp" line="902" />
</extent>
<lines_of_code value="6" level="0" />
<McCabes_cyclomatic_complexity value="2" level="0" />
<lines_of_comment value="0" level="0" />
<lines_of_code_per_line_of_comment value="------" level="0" />
<McCabes_cyclomatic_complexity_per_line_of_comment value="------" level="0" />
</member_function>
<member_function>
<name>saveprogram()</name>
<extent>
<description>definition</description>
<source_reference file="sda.cpp" line="916" />
</extent>
<extent>
<description>definition</description>
<source_reference file="sda.cpp" line="916" />
</extent>
<lines_of_code value="40" level="1" />
<McCabes_cyclomatic_complexity value="6" level="0" />
<lines_of_comment value="10" level="0" />
<lines_of_code_per_line_of_comment value="4.000" level="0" />
<McCabes_cyclomatic_complexity_per_line_of_comment value="0.600" level="0" />
</member_function>
<member_function>
<name>updateProgram(pc *)</name>
<extent>
<description>definition</description>
<source_reference file="sda.cpp" line="786" />
</extent>
<extent>
<description>definition</description>
<source_reference file="sda.cpp" line="786" />
</extent>
<lines_of_code value="188" level="2" />
<McCabes_cyclomatic_complexity value="30" level="1" />
<lines_of_comment value="14" level="0" />
<lines_of_code_per_line_of_comment value="13.429" level="1" />
<McCabes_cyclomatic_complexity_per_line_of_comment value="2.143" level="0" />
</member_function>
</procedural_detail>
<structural_detail>
<module>
<name>Program</name>
<client_module>
<name>academicOfficer</name>
<visible>true</visible>
<concrete>false</concrete>
<extent>
<description>pass by reference</description>
<source_reference file="sda.cpp" line="984" />
</extent>
<extent>
<description>pass by reference</description>
<source_reference file="sda.cpp" line="984" />
</extent>
</client_module>
<supplier_module>
<name>Course</name>
<visible>true</visible>
<concrete>false</concrete>
<extent>
<description>pass by reference</description>
<source_reference file="sda.cpp" line="779" />
</extent>
<extent>
<description>pass by reference</description>
<source_reference file="sda.cpp" line="779" />
</extent>
<name>PLO</name>
<visible>true</visible>
<concrete>false</concrete>
<extent>
<description>pass by reference</description>
<source_reference file="sda.cpp" line="783" />
</extent>
<extent>
<description>pass by reference</description>
<source_reference file="sda.cpp" line="783" />
</extent>
<name>vector</name>
<visible>false</visible>
<concrete>true</concrete>
<extent>
<description>has by value</description>
<source_reference file="sda.cpp" line="764" />
</extent>
<extent>
<description>has by value</description>
<source_reference file="sda.cpp" line="765" />
</extent>
<extent>
<description>has by value</description>
<source_reference file="sda.cpp" line="764" />
</extent>
<extent>
<description>has by value</description>
<source_reference file="sda.cpp" line="765" />
</extent>
</supplier_module>
</module>
</structural_detail>
</CCCC_Project>
