<?xml version="1.0" encoding="utf-8"?>
<!--Detailed report on module Topic-->
<CCCC_Project>
<module_summary>
<lines_of_code value="156" level="0" />
<lines_of_code_per_member_function value="******" level="0" />
<McCabes_cyclomatic_complexity value="14" level="0" />
<McCabes_cyclomatic_complexity_per_member_function value="******" level="2" />
<lines_of_code value="4" level="0" />
<lines_of_code_per_member_function value="********" level="2" />
<lines_of_code_per_line_of_comment value="39.000" level="2" />
<McCabes_cyclomatic_complexity_per_line_of_comment value="3.500" level="0" />
<weighted_methods_per_class_unity value="6" level="0" />
<weighted_methods_per_class_visibility value="6" level="0" />
<depth_of_inheritance_tree value="0" level="0" />
<number_of_children value="0" level="0" />
<coupling_between_objects value="3" level="0" />
<IF4 value="4" level="0" />
<IF4_per_member_function value="********" level="2" />
<IF4_visible value="1" level="0" />
<IF4_visible_per_member_function value="********" level="2" />
<IF4_concrete value="0" level="0" />
<IF4_concrete_per_member_function value="********" level="0" />
</module_summary>
<module_detail>
<description>declaration</description>
<source_reference file="sda.cpp" line="20" />
<lines_of_code value="1" level="0" />
<McCabes_cyclomatic_complexity value="0" level="0" />
<lines_of_comment value="0" level="0" />
<lines_of_code_per_line_of_comment value="------" level="0" />
<McCabes_cyclomatic_complexity_per_line_of_comment value="------" level="0" />
<description>definition</description>
<source_reference file="sda.cpp" line="1831" />
<lines_of_code value="7" level="0" />
<McCabes_cyclomatic_complexity value="0" level="0" />
<lines_of_comment value="0" level="0" />
<lines_of_code_per_line_of_comment value="------" level="0" />
<McCabes_cyclomatic_complexity_per_line_of_comment value="------" level="0" />
<description>declaration</description>
<source_reference file="sda.cpp" line="20" />
<lines_of_code value="1" level="0" />
<McCabes_cyclomatic_complexity value="0" level="0" />
<lines_of_comment value="0" level="0" />
<lines_of_code_per_line_of_comment value="------" level="0" />
<McCabes_cyclomatic_complexity_per_line_of_comment value="------" level="0" />
<description>definition</description>
<source_reference file="sda.cpp" line="1831" />
<lines_of_code value="7" level="0" />
<McCabes_cyclomatic_complexity value="0" level="0" />
<lines_of_comment value="0" level="0" />
<lines_of_code_per_line_of_comment value="------" level="0" />
<McCabes_cyclomatic_complexity_per_line_of_comment value="------" level="0" />
</module_detail>
<procedural_detail>
<member_function>
<name>Topic(...)</name>
<extent>
<description>definition</description>
<source_reference file="sda.cpp" line="1837" />
</extent>
<extent>
<description>definition</description>
<source_reference file="sda.cpp" line="1837" />
</extent>
<lines_of_code value="10" level="0" />
<McCabes_cyclomatic_complexity value="0" level="0" />
<lines_of_comment value="0" level="0" />
<lines_of_code_per_line_of_comment value="------" level="0" />
<McCabes_cyclomatic_complexity_per_line_of_comment value="------" level="0" />
</member_function>
<member_function>
<name>Topic(Topic &amp;)</name>
<extent>
<description>definition</description>
<source_reference file="sda.cpp" line="1842" />
</extent>
<extent>
<description>definition</description>
<source_reference file="sda.cpp" line="1842" />
</extent>
<lines_of_code value="10" level="0" />
<McCabes_cyclomatic_complexity value="0" level="0" />
<lines_of_comment value="0" level="0" />
<lines_of_code_per_line_of_comment value="------" level="0" />
<McCabes_cyclomatic_complexity_per_line_of_comment value="------" level="0" />
</member_function>
<member_function>
<name>addcoveredCLO(CLO *)</name>
<extent>
<description>definition</description>
<source_reference file="sda.cpp" line="1847" />
</extent>
<extent>
<description>definition</description>
<source_reference file="sda.cpp" line="1847" />
</extent>
<lines_of_code value="8" level="0" />
<McCabes_cyclomatic_complexity value="0" level="0" />
<lines_of_comment value="0" level="0" />
<lines_of_code_per_line_of_comment value="------" level="0" />
<McCabes_cyclomatic_complexity_per_line_of_comment value="------" level="0" />
</member_function>
<member_function>
<name>getTopicid()</name>
<extent>
<description>definition</description>
<source_reference file="sda.cpp" line="1852" />
</extent>
<extent>
<description>definition</description>
<source_reference file="sda.cpp" line="1852" />
</extent>
<lines_of_code value="8" level="0" />
<McCabes_cyclomatic_complexity value="2" level="0" />
<lines_of_comment value="0" level="0" />
<lines_of_code_per_line_of_comment value="------" level="0" />
<McCabes_cyclomatic_complexity_per_line_of_comment value="------" level="0" />
</member_function>
<member_function>
<name>savetopics()</name>
<extent>
<description>definition</description>
<source_reference file="sda.cpp" line="1898" />
</extent>
<extent>
<description>definition</description>
<source_reference file="sda.cpp" line="1898" />
</extent>
<lines_of_code value="36" level="1" />
<McCabes_cyclomatic_complexity value="4" level="0" />
<lines_of_comment value="0" level="0" />
<lines_of_code_per_line_of_comment value="******" level="2" />
<McCabes_cyclomatic_complexity_per_line_of_comment value="------" level="0" />
</member_function>
<member_function>
<name>updateTopic()</name>
<extent>
<description>definition</description>
<source_reference file="sda.cpp" line="1857" />
</extent>
<extent>
<description>definition</description>
<source_reference file="sda.cpp" line="1857" />
</extent>
<lines_of_code value="68" level="1" />
<McCabes_cyclomatic_complexity value="8" level="0" />
<lines_of_comment value="4" level="0" />
<lines_of_code_per_line_of_comment value="17.000" level="1" />
<McCabes_cyclomatic_complexity_per_line_of_comment value="2.000" level="0" />
</member_function>
</procedural_detail>
<structural_detail>
<module>
<name>Topic</name>
<client_module>
<name>Teacher</name>
<visible>true</visible>
<concrete>false</concrete>
<extent>
<description>pass by reference</description>
<source_reference file="sda.cpp" line="1965" />
</extent>
<extent>
<description>pass by reference</description>
<source_reference file="sda.cpp" line="1965" />
</extent>
</client_module>
<supplier_module>
<name>CLO</name>
<visible>true</visible>
<concrete>false</concrete>
<extent>
<description>pass by reference</description>
<source_reference file="sda.cpp" line="1847" />
</extent>
<extent>
<description>pass by reference</description>
<source_reference file="sda.cpp" line="1847" />
</extent>
<name>vector</name>
<visible>false</visible>
<concrete>true</concrete>
<extent>
<description>has by value</description>
<source_reference file="sda.cpp" line="1835" />
</extent>
<extent>
<description>has by value</description>
<source_reference file="sda.cpp" line="1835" />
</extent>
</supplier_module>
</module>
</structural_detail>
</CCCC_Project>
