<?xml version="1.0" encoding="utf-8"?>
<!--Detailed report on module vector-->
<CCCC_Project>
<module_summary>
<lines_of_code value="0" level="0" />
<lines_of_code_per_member_function value="******" level="0" />
<McCabes_cyclomatic_complexity value="0" level="0" />
<McCabes_cyclomatic_complexity_per_member_function value="******" level="0" />
<lines_of_code value="0" level="0" />
<lines_of_code_per_member_function value="********" level="0" />
<lines_of_code_per_line_of_comment value="------" level="0" />
<McCabes_cyclomatic_complexity_per_line_of_comment value="------" level="0" />
<weighted_methods_per_class_unity value="0" level="0" />
<weighted_methods_per_class_visibility value="0" level="0" />
<depth_of_inheritance_tree value="0" level="0" />
<number_of_children value="0" level="0" />
<coupling_between_objects value="7" level="0" />
<IF4 value="0" level="0" />
<IF4_per_member_function value="********" level="0" />
<IF4_visible value="0" level="0" />
<IF4_visible_per_member_function value="********" level="0" />
<IF4_concrete value="0" level="0" />
<IF4_concrete_per_member_function value="********" level="0" />
</module_summary>
<module_detail>
</module_detail>
<procedural_detail>
</procedural_detail>
<structural_detail>
<module>
<name>vector</name>
<client_module>
<name>CLO</name>
<visible>false</visible>
<concrete>true</concrete>
<extent>
<description>has by value</description>
<source_reference file="sda.cpp" line="441" />
</extent>
<extent>
<description>has by value</description>
<source_reference file="sda.cpp" line="441" />
</extent>
<name>Course</name>
<visible>false</visible>
<concrete>true</concrete>
<extent>
<description>has by value</description>
<source_reference file="sda.cpp" line="565" />
</extent>
<extent>
<description>has by value</description>
<source_reference file="sda.cpp" line="565" />
</extent>
<name>Program</name>
<visible>false</visible>
<concrete>true</concrete>
<extent>
<description>has by value</description>
<source_reference file="sda.cpp" line="764" />
</extent>
<extent>
<description>has by value</description>
<source_reference file="sda.cpp" line="765" />
</extent>
<extent>
<description>has by value</description>
<source_reference file="sda.cpp" line="764" />
</extent>
<extent>
<description>has by value</description>
<source_reference file="sda.cpp" line="765" />
</extent>
<name>Question</name>
<visible>false</visible>
<concrete>true</concrete>
<extent>
<description>has by value</description>
<source_reference file="sda.cpp" line="1584" />
</extent>
<extent>
<description>has by value</description>
<source_reference file="sda.cpp" line="1584" />
</extent>
<name>Teacher</name>
<visible>true</visible>
<concrete>true</concrete>
<extent>
<description>has by value</description>
<source_reference file="sda.cpp" line="1928" />
</extent>
<extent>
<description>has by value</description>
<source_reference file="sda.cpp" line="1929" />
</extent>
<extent>
<description>has by value</description>
<source_reference file="sda.cpp" line="1930" />
</extent>
<extent>
<description>has by value</description>
<source_reference file="sda.cpp" line="1928" />
</extent>
<extent>
<description>has by value</description>
<source_reference file="sda.cpp" line="1929" />
</extent>
<extent>
<description>has by value</description>
<source_reference file="sda.cpp" line="1930" />
</extent>
<name>Topic</name>
<visible>false</visible>
<concrete>true</concrete>
<extent>
<description>has by value</description>
<source_reference file="sda.cpp" line="1835" />
</extent>
<extent>
<description>has by value</description>
<source_reference file="sda.cpp" line="1835" />
</extent>
<name>academicOfficer</name>
<visible>true</visible>
<concrete>true</concrete>
<extent>
<description>has by value</description>
<source_reference file="sda.cpp" line="955" />
</extent>
<extent>
<description>has by value</description>
<source_reference file="sda.cpp" line="956" />
</extent>
<extent>
<description>has by value</description>
<source_reference file="sda.cpp" line="957" />
</extent>
<extent>
<description>has by value</description>
<source_reference file="sda.cpp" line="958" />
</extent>
<extent>
<description>has by value</description>
<source_reference file="sda.cpp" line="955" />
</extent>
<extent>
<description>has by value</description>
<source_reference file="sda.cpp" line="956" />
</extent>
<extent>
<description>has by value</description>
<source_reference file="sda.cpp" line="957" />
</extent>
<extent>
<description>has by value</description>
<source_reference file="sda.cpp" line="958" />
</extent>
</client_module>
<supplier_module>
</supplier_module>
</module>
</structural_detail>
</CCCC_Project>
